36428.0,3.85632223562e-19,6700.48370049,3.17724818611,4.48935902272e-18,1.41297083506e-18,9.85561920833,3.78817199242,4.55512629681e-19,9.21,3.55,0
42486.0,2.06327390212e-19,4820.16555604,3.00065941998,6.84215740759e-18,2.28021792877e-18,40.1449718767,5.82607568034,1.7043622371e-19,8.57,3.72,1
40116.0,4.03655245152e-19,5240.19125746,3.23247902593,4.14361148616e-18,1.28186801923e-18,11.0393357843,4.14112670372,3.75349710085e-19,8.77,3.52,0
38489.0,1.27930082004e-19,6523.9576111,17.3254701694,3.1018374088e-17,1.7903337563e-18,220.078676333,5.59914462632,1.40942205782e-19,8.16,3.83,1
35182.0,2.65258462667e-19,5623.28528355,2.98769072653,4.4316307198e-18,1.48329634003e-18,16.4306569734,5.58120760456,2.69717195543e-19,9.15,3.41,0
33410.0,2.15935231597e-19,5796.3352765,2.83301333256,3.74886057141e-18,1.32327671329e-18,16.2992217992,5.8310449891,2.30002426962e-19,8.47,3.34,0
33300.0,2.14937239015e-19,5389.75152498,1.96936485552,2.62782823533e-18,1.33435316872e-18,13.1769459936,4.62658701341,1.99426197588e-19,8.4,3.71,0
42234.0,2.81335040306e-19,5345.67247215,3.0878224715,4.35884379563e-18,1.4116238339e-18,15.6921261898,3.90098077573,2.77772670377e-19,8.56,3.32,0
41946.0,5.39744602879e-19,5677.45214758,5.23072736173,9.75191699066e-18,1.86435199472e-18,17.3568766298,4.9282147915,5.61847456698e-19,8.88,3.36,0
41127.0,2.2170117696e-18,5484.19436327,5.41208308129,9.93851745837e-18,1.83635714919e-18,4.40548152764,6.80043778581,2.25594350947e-18,10.19,3.25,0
35689.0,2.19654454509e-19,5986.47196315,13.490272226,1.95184799404e-17,1.44685589834e-18,85.7251651372,3.53673107786,2.27686699806e-19,8.37,3.69,1
34435.0,4.49097821925e-19,5292.55282469,3.35738544604,4.58240944278e-18,1.36487439897e-18,11.583775137,4.99453319153,3.95588604627e-19,9.6,3.91,0
32191.0,6.47091878126e-19,6534.81740696,3.46306715561,1.51892596902e-17,4.38607136612e-18,19.8435739958,3.39093803754,7.6544979717e-19,10.08,3.42,0
1018.0,3.3840080341e-19,5993.6265537,2.27690190426,3.58350803039e-18,1.57385262127e-18,9.34806749611,5.61071646814,3.83342121982e-19,10.11,3.33,0
2229.0,3.75343810267e-19,6203.70487296,2.32482226937,3.50121040815e-18,1.50601207425e-18,8.34804025127,7.14542827428,4.19405070264e-19,9.53,3.45,0
3822.0,8.84140196573e-19,5562.76269634,3.38647999561,4.22562111738e-18,1.24779154841e-18,4.90627771846,4.54206889955,8.61268228148e-19,9.89,3.68,0
5891.0,3.90624017491e-19,5855.34612472,4.17255104407,4.48431901568e-18,1.07471879153e-18,11.0388124285,3.75867694093,4.06232014966e-19,8.75,3.52,0
6627.0,1.99900963396e-19,6048.44237569,2.43462996062,4.07192744411e-18,1.67250362887e-18,18.7382366489,7.12831843135,2.1730579672e-19,8.51,3.48,0
9449.0,4.61872840829e-19,5825.5837671,2.84230222724,3.14350738598e-18,1.10597224878e-18,6.31377239797,4.47711293458,4.97881011199e-19,9.34,3.28,0
15260.0,4.32316163091e-19,5407.328886,2.8974848292,3.37763127671e-18,1.16571146212e-18,8.08895044626,3.77077728321,4.17561128499e-19,10.33,3.49,0
4810.0,2.30631152281e-19,4827.77743302,2.28174052402,3.88263256436e-18,1.70161003124e-18,19.1133914498,3.31044643854,2.03136767986e-19,8.52,3.39,0
4952.0,7.05571844409e-19,5021.9765843,2.50248424711,3.81983724983e-18,1.52641810003e-18,5.85974130205,5.09703633221,6.51878138118e-19,9.86,3.33,0
8546.0,2.70065266639e-19,5837.0324466,34.3836488995,6.12808592552e-17,1.78226747936e-18,203.476091026,5.11779818496,3.01169827601e-19,8.31,3.25,1
10728.0,2.74328908758e-19,6288.60970135,2.87246505911,5.80405166287e-18,2.0205821632e-18,17.959493286,3.94318016171,3.23174577948e-19,8.63,3.25,0
12310.0,4.11536261054e-19,6202.3917582,1.44629626811,2.16901867931e-18,1.49970564616e-18,5.14871007693,5.29409161065,4.21274192352e-19,9.76,3.92,0
14047.0,4.0960227702e-19,6617.08131637,2.43475663076,3.07813317125e-18,1.26424675565e-18,6.28320321385,5.41569607296,4.8989871352e-19,9.4,3.43,0
15382.0,1.97166269436e-19,6448.47748423,1.93698303705,2.4377504595e-18,1.25852958589e-18,10.5757855175,5.7803152548,2.30503016108e-19,9.48,3.42,0
39863.0,3.78463344893e-19,6091.79176651,2.18743317586,3.25852771934e-18,1.48965817804e-18,7.70379633581,5.32653167509,4.22976877542e-19,10.15,3.35,0
39444.0,2.98329448351e-19,6061.99355082,2.99011452318,6.88145201025e-18,2.30140081823e-18,22.3503408703,7.34701055034,3.07890248752e-19,8.55,3.78,0
36233.0,2.98069999016e-19,6179.92859327,2.73071152793,3.44232967021e-18,1.26059806574e-18,11.0847003545,5.45595102053,3.10547832609e-19,10.35,3.83,0
31800.0,5.62056077456e-19,5612.94063124,4.11893366988,4.54811517523e-18,1.10419723641e-18,8.01453367609,3.81716222802,5.67483444333e-19,9.39,3.44,0
30366.0,4.20538282965e-19,4962.72336375,2.57505682576,4.95418358985e-18,1.92391233478e-18,14.0078315541,6.42901121407,3.53672413229e-19,9.35,3.81,0
27339.0,2.54332257838e-19,6658.26919856,1.84136926193,3.2816624017e-18,1.78218593606e-18,11.1702414037,8.41931460419,2.93786166573e-19,9.66,3.65,0
23836.0,2.62155291595e-19,5722.29825165,5.60500449207,8.85991503428e-18,1.58071506398e-18,31.7895600089,5.10971418234,2.78705179681e-19,9.0,3.31,1
38549.0,7.08823063929e-19,6628.28381659,3.66514673983,4.96355011274e-18,1.3542568593e-18,5.81894249909,2.80857275165,8.52998652851e-19,9.68,3.35,0
37578.0,6.25991078941e-19,6337.87926003,2.03002218817,2.82169685101e-18,1.38998325607e-18,4.23194511055,5.27734123002,6.66761211996e-19,10.0,3.85,0
37156.0,2.67672443341e-19,4887.24570844,2.74983417928,4.41337842771e-18,1.60496165949e-18,19.7714328676,5.31369731807,2.23219958678e-19,9.62,3.73,0
34950.0,1.88987545947e-19,5085.02438729,3.60385855279,6.51399988394e-18,1.80750708956e-18,38.2962825427,3.78427835469,1.7009483562e-19,8.4,3.42,1
32591.0,3.06140489976e-19,5750.44464003,2.74082659474,4.7106567505e-18,1.71869930025e-18,15.096531239,7.95284078345,3.12035703826e-19,9.69,3.54,0
31246.0,1.87503486642e-19,6639.0034891,2.00773158531,3.12983081268e-18,1.55888906444e-18,13.6096749277,6.69889434112,2.29971019096e-19,9.59,3.35,0
517.0,5.15027108664e-19,6355.39827809,2.03698732633,2.97598429234e-18,1.46097339629e-18,4.89209289274,3.80394698065,6.08325384981e-19,10.12,3.31,0
3794.0,2.95243153538e-19,6309.41511665,2.54032035222,6.03445994397e-18,2.37547203001e-18,18.6704646428,6.15681752907,3.23208878805e-19,8.69,3.66,0
11713.0,2.33697282461e-19,5362.04833137,2.39063634912,4.00628264341e-18,1.67582269251e-18,17.8345667579,5.16936836809,2.24635826471e-19,9.52,3.47,0
19530.0,2.431892049e-19,5542.9055231,2.67866683577,3.50660396485e-18,1.30908551897e-18,15.5490261081,5.48741099113,2.25519202327e-19,8.16,3.82,0
25604.0,2.02995570733e-19,6149.84611675,7.08213977091,1.15266973722e-17,1.62757270331e-18,54.0474353536,5.96590747389,2.13270015437e-19,8.53,3.71,1
30031.0,8.39946684005e-19,4864.44873015,4.04455202098,6.23150766397e-18,1.54071640855e-18,8.13913233741,4.22728893911,7.65623091706e-19,9.89,3.27,0
887.0,5.06984117183e-19,6065.90898867,3.87852970099,8.03609104882e-18,2.07194263506e-18,15.5983381413,8.31682788442,5.1518892436e-19,9.02,3.85,0
4395.0,4.53701329014e-19,6449.70795845,2.03913685923,3.31871028561e-18,1.62750737921e-18,6.50974731535,7.69947939527,5.09806314261e-19,9.28,3.57,0
8148.0,4.15857710995e-19,6576.14901911,3.48632436898,6.39231630058e-18,1.83354032042e-18,13.4943066658,3.49722392574,4.73704685903e-19,8.46,3.67,0
10920.0,1.08114943985e-18,5930.26740666,3.12785783258,3.31215895077e-18,1.05892247284e-18,3.08598051388,3.54599896969,1.07329224403e-18,9.87,3.85,0
11985.0,2.35741377685e-19,5982.84722338,14.1909094889,3.55517873578e-17,2.50525080056e-18,140.838982305,5.1297907414,2.52428601627e-19,8.2,3.52,1
12250.0,1.20172819681e-18,5740.28005253,7.6066169011,1.26800865626e-17,1.66698109389e-18,10.2313110776,4.95249825358,1.23934131867e-18,9.8,3.41,0
30023.0,1.41468050967e-18,6059.05725299,12.4904929419,1.96851228545e-17,1.57600848469e-18,13.3676053252,6.95850629505,1.4725990464e-18,9.36,3.62,0
43930.0,7.25365712087e-19,5090.07926503,2.20012581433,4.0202304931e-18,1.82727299817e-18,6.4677961576,5.84638804339,6.21576561032e-19,10.11,3.83,0
42685.0,7.48469579488e-19,6357.53038917,2.97812459945,4.53252871314e-18,1.52194059106e-18,5.42921259717,4.47961986079,8.34840896726e-19,9.9,3.57,0
39796.0,9.95977441924e-19,5533.33729212,4.34865453643,8.50439953357e-18,1.95563925861e-18,8.35475880246,7.59136388439,1.01791083796e-18,9.77,3.3,0
33236.0,3.10806630779e-19,4916.6465214,2.27417100438,4.37633273777e-18,1.92436396794e-18,15.654926337,5.96716742693,2.79549877371e-19,9.62,3.38,0
32770.0,2.74990938954e-19,6203.16516282,2.52988867267,3.30876826667e-18,1.30787109426e-18,11.3600713983,4.11961638436,2.912629816e-19,9.36,3.72,0
26393.0,3.91999909169e-19,5931.5697029,8.97814790221,2.19967025361e-17,2.45002675114e-18,53.0657237061,7.42142708639,4.14518091903e-19,8.75,3.5,1
25444.0,8.79948210723e-19,6437.66244168,3.30010844002,5.18921842906e-18,1.57243876175e-18,5.3811765246,5.77456710207,9.64327857549e-19,10.14,3.77,0
41997.0,3.29614038548e-19,6141.46501475,2.9961756826,5.88273848613e-18,1.96341573703e-18,16.6850037839,6.96566833622,3.52576395086e-19,8.53,3.64,0
39191.0,1.27778440512e-18,5596.54038519,4.66775903725,1.03581923595e-17,2.21909320443e-18,8.31103752695,8.09432011619,1.24631760185e-18,10.13,3.56,0
35918.0,2.55871993449e-19,6050.17519238,2.9341704623,4.73692596963e-18,1.61440040056e-18,17.6308174004,5.83552164136,2.68673077489e-19,8.88,3.65,0
30054.0,3.09248018162e-19,5555.68511842,2.52322874015,5.58877962871e-18,2.21493182119e-18,19.2092268957,8.54588701715,2.90942454846e-19,8.47,3.78,0
25632.0,4.04611420767e-19,5844.84148065,3.21386533862,4.39943070694e-18,1.36889080388e-18,9.84713020239,4.93041090221,4.46772878648e-19,10.23,3.35,0
24920.0,3.25488501797e-19,5955.08406671,4.12892304048,5.74296203868e-18,1.3909104099e-18,15.9195473332,3.07250105059,3.60749079007e-19,8.85,3.25,0
21155.0,2.57760915924e-19,5110.47659869,2.9875535671,8.0840986959e-18,2.70592594052e-18,35.9805740865,4.88623728435,2.24679536142e-19,9.85,3.77,1
66.0,4.19438414142e-19,6532.39203556,3.82162029099,2.18326318171e-17,5.71292544908e-18,47.7637849535,2.82979117427,4.57095932375e-19,9.35,3.82,1
1716.0,1.89796899539e-19,5163.95867887,2.39501272974,4.1691857805e-18,1.74077812979e-18,22.7901918035,6.28598165318,1.82937722352e-19,9.98,3.28,0
2412.0,2.87906446635e-19,5913.8901771,2.16613108461,4.68430408441e-18,2.1625210578e-18,15.0902209954,7.26399814803,3.10419846458e-19,8.59,3.4,0
2900.0,3.94527291934e-19,5732.93263018,13.5491702127,2.24959773813e-17,1.66032140922e-18,52.8527213872,5.43041357715,4.25635176219e-19,8.69,3.27,1
10350.0,2.0778714447e-19,4815.15391205,3.0357912803,5.91166397355e-18,1.94732227209e-18,33.5244999206,5.32298488535,1.76338617654e-19,8.76,3.58,1
20429.0,6.00465336491e-19,6158.43308841,8.37846042108,2.02665136244e-17,2.41888277868e-18,32.3117444074,9.23563819923,6.27218183236e-19,9.03,3.79,1
21705.0,2.69216869955e-19,6426.68272901,3.97229576574,4.57114775764e-18,1.15075715083e-18,14.4053547792,4.02689790372,3.17322816947e-19,8.58,3.36,0
51.0,3.25217873416e-19,6400.07191447,6.51565603341,1.24973480508e-17,1.91804907851e-18,36.5448239659,7.02341170253,3.41973135852e-19,8.49,3.84,1
2770.0,1.04148688157e-19,6332.28600039,2.19807017947,4.39650349725e-18,2.00016520778e-18,35.8642148988,6.81032287387,1.22587473604e-19,8.34,3.4,1
3569.0,6.67946625054e-19,6121.8149384,12.4335357339,2.40449989194e-17,1.93388264078e-18,35.1194405541,7.4281163079,6.84663495204e-19,9.13,3.84,1
11857.0,1.09859636035e-18,4961.27296015,2.20542024212,5.24217918139e-18,2.37695251058e-18,5.65399777353,3.9125687123,9.27163290712e-19,10.18,3.64,0
12613.0,8.45897750831e-19,4840.34302529,2.65372264525,4.38653481434e-18,1.65297410496e-18,6.17179723066,3.93784783952,7.10738647172e-19,10.05,3.53,0
13453.0,2.40022391041e-19,6500.53535039,2.04424474076,8.64999311249e-18,4.23138821884e-18,32.6281593222,8.2225577564,2.65108216099e-19,8.25,3.76,1
40821.0,6.35096872959e-19,6118.05326736,2.28059630404,3.72856138686e-18,1.63490635333e-18,5.45724271716,6.79775481846,6.83231730766e-19,10.22,3.59,0
39553.0,3.07818865661e-19,5674.16081651,2.66226104114,4.64145090057e-18,1.74342441588e-18,14.4614278475,7.32527771213,3.20953846987e-19,9.52,3.34,0
39008.0,2.45475287466e-19,5722.93537891,5.00667558552,7.64165749459e-18,1.52629371807e-18,30.3164328023,4.9361414735,2.52063214179e-19,8.57,3.45,1
32240.0,7.17101552784e-19,5258.1957724,2.37874816072,3.46456485305e-18,1.45646559407e-18,5.38319303586,4.67920716721,6.43589191391e-19,9.91,3.67,0
32129.0,6.10720328082e-19,5718.66173865,2.99112380699,6.75630423311e-18,2.25878454691e-18,10.5922078466,7.98822248297,6.37856085432e-19,8.91,3.37,0
30629.0,4.9101196071e-19,5599.79055359,20.9385667602,5.63284548661e-17,2.69017719843e-18,108.188100768,11.862739823,5.20652959673e-19,9.32,3.26,1
25588.0,1.81256111468e-18,6260.05980612,2.8109203795,4.61472317684e-18,1.64171251896e-18,2.20691299031,4.90375590626,2.09103086397e-18,10.08,3.25,0
41269.0,6.55539260719e-19,5595.04282643,16.3902031989,3.44145865405e-17,2.09970469083e-18,50.8106904959,7.45979414112,6.77309955929e-19,9.17,3.31,1
38748.0,4.68761298399e-19,5671.39100377,4.93379588517,9.29114722951e-18,1.88316408821e-18,18.8764367082,6.69597978357,4.92208745387e-19,9.25,3.32,0
35690.0,2.87069818629e-19,4870.71002757,2.99527507091,4.64969374275e-18,1.5523428175e-18,19.4727760099,4.0054894873,2.38779193084e-19,8.55,3.76,0
34605.0,3.22719474707e-19,6521.95470945,2.27910125614,3.49374966878e-18,1.53295061348e-18,9.50320527473,4.63036463877,3.67639082581e-19,10.01,3.6,0
23480.0,6.24437404447e-19,4898.90054568,2.30663255824,3.9810194272e-18,1.72590099493e-18,7.47490871477,5.1783241074,5.32584353751e-19,9.58,3.6,0
22838.0,4.29116816387e-19,5630.74018718,18.2743901577,3.20619325228e-17,1.75447345964e-18,71.5866596834,5.20912364952,4.47875800667e-19,8.76,3.34,1
22102.0,5.50134876357e-19,5907.44390751,5.09522017977,9.63495470775e-18,1.89097906819e-18,17.183978871,6.17412067085,5.60694049968e-19,8.98,3.67,0
1689.0,6.78798154829e-19,5524.31646951,5.67303592389,1.19752569292e-17,2.11090800232e-18,17.2079874511,6.46651504558,6.95912695382e-19,9.6,3.27,0
2333.0,9.60383940785e-19,5696.91164325,2.69347821602,4.04745838936e-18,1.50268836974e-18,4.1595297602,5.07077087996,9.73056720999e-19,10.01,3.45,0
9395.0,5.36299383374e-19,6124.491794,2.92088692796,5.87910623395e-18,2.01278117879e-18,10.6010288889,8.37963807026,5.5457883339e-19,9.16,3.72,0
9822.0,7.59347394421e-19,6421.63429075,2.55130169744,4.40955269909e-18,1.72835408039e-18,5.40865479078,6.10557609654,8.15277156643e-19,9.56,3.74,0
9837.0,5.50880167331e-19,6723.42200122,2.56976384381,1.24744315514e-17,4.85431047739e-18,19.8344419531,4.87697878625,6.28927780318e-19,10.37,3.74,0
12040.0,6.46137401281e-19,5156.49090857,1.71680269554,3.22924674732e-18,1.88096556215e-18,5.22460029755,5.35598718708,6.18084937298e-19,9.39,3.27,0
3227.0,7.26870382395e-19,5310.78508097,2.79339182569,4.59024456685e-18,1.6432512348e-18,6.44343473119,5.3718464375,7.12390946498e-19,9.32,3.31,0
3770.0,5.67335089699e-19,5035.59882042,2.47725142315,7.96467012087e-18,3.21512384509e-18,15.1387226037,8.7598896433,5.26112428991e-19,9.62,3.29,0
5346.0,4.04640523974e-19,5988.39340556,2.46223050741,4.87395003299e-18,1.9794856811e-18,11.5878744954,7.76640254936,4.20607768486e-19,8.81,3.62,0
15709.0,2.44524508049e-18,5718.92105337,8.94302927431,1.57189675903e-17,1.7576781992e-18,6.44267905888,5.78860372191,2.4398185051e-18,10.08,3.5,0
18459.0,1.70737402346e-18,6486.94707391,5.07785755058,6.49347925926e-18,1.2787832653e-18,3.41874485518,2.68075256826,1.89937521937e-18,10.27,3.59,0
5001.0,4.85454155706e-19,4978.11991514,2.51901211083,4.70613861236e-18,1.86824771192e-18,11.1493836476,4.22979301081,4.22098544738e-19,9.71,3.54,0
7603.0,5.85356813829e-19,6049.0275154,11.4144989692,2.460032608e-17,2.15518229459e-18,40.0888695825,8.02675870058,6.13644793086e-19,8.76,3.64,1
10617.0,8.04725597742e-19,5725.10548119,6.24143863109,1.58351071472e-17,2.53709250113e-18,18.6346302618,10.2124395381,8.49767713379e-19,9.85,3.32,0
13424.0,5.16742773383e-19,6556.79850975,2.2435338949,8.06308953173e-18,3.59392365324e-18,13.3217630304,7.36279930169,6.05256940341e-19,9.35,3.46,0
14252.0,5.52440705388e-19,4973.91112769,2.73669514532,4.82705596981e-18,1.763826701e-18,9.31664905756,3.89050825285,5.18110743464e-19,8.82,3.26,0
20455.0,2.50859646211e-19,5393.35907347,2.30602469511,4.08721173219e-18,1.77240588137e-18,17.0051545585,5.69194079882,2.40351342772e-19,8.62,3.55,0
1651.0,4.44695443403e-19,5643.84216205,8.05348981956,1.87110215244e-17,2.32334328889e-18,40.8101283857,5.72870657127,4.58489651087e-19,9.24,3.37,1
6229.0,1.79301314204e-18,6507.90132001,2.16413231777,5.01908211705e-18,2.31921221999e-18,2.35606614864,8.1828054795,2.13028064596e-18,10.23,3.34,0
9110.0,3.27069601784e-19,5257.8981865,2.98882649566,8.70294187489e-18,2.91182572409e-18,27.2652560886,7.82426992437,3.191953102e-19,9.2,3.3,1
10559.0,1.63046912234e-19,6289.23326719,2.61630734975,5.13559442932e-18,1.96291709757e-18,26.8804590779,4.54512123255,1.91053077421e-19,8.97,3.26,1
11305.0,8.28197418655e-19,5803.30087909,8.92391768963,2.01121858098e-17,2.25373950201e-18,23.399921596,5.96876016554,8.59497999911e-19,9.08,3.46,0
11374.0,4.80623589372e-19,5026.98684057,2.00679689431,4.46703324297e-18,2.22595184178e-18,10.6177364678,6.67530779611,4.20714269612e-19,9.56,3.56,0
11847.0,1.16048644204e-18,5259.09993915,3.16727906411,5.80906228298e-18,1.83408602949e-18,5.3822425191,4.18116351705,1.07930147376e-18,9.8,3.49,0
36930.0,5.00743945641e-19,5610.61672446,1.9638635429,4.82744429659e-18,2.45813631707e-18,9.26006829365,7.84288212319,5.21318433461e-19,8.82,3.28,0
33728.0,2.77937184126e-19,6454.28285575,2.51401268726,4.45039015591e-18,1.77023376949e-18,14.0116408203,5.36680255051,3.17620913423e-19,8.36,3.57,0
33400.0,5.28634878163e-19,6203.02103842,19.8525078942,5.30199614613e-17,2.67069338261e-18,94.3686506926,6.91818531268,5.61838715211e-19,8.99,3.73,1
32266.0,5.08360125123e-19,5603.93928556,2.23686781386,6.20391786212e-18,2.77348434435e-18,12.6240476852,8.78060076144,4.91436504109e-19,9.98,3.68,0
21640.0,6.62344536292e-19,5714.20684951,3.2502698889,5.8694546609e-18,1.80583608793e-18,8.29349086248,6.03714007278,7.07718228455e-19,8.94,3.26,0
20403.0,6.5144019384e-19,5930.36525844,2.04915612733,4.7872172552e-18,2.33618961062e-18,7.4958901662,6.84056174692,6.38645597662e-19,9.88,3.98,0
17599.0,3.50697408129e-19,5720.04114977,2.88764176564,6.80722932457e-18,2.35736627915e-18,19.2279717148,7.33017969111,3.5402742554e-19,9.67,3.58,0
39052.0,4.79485890045e-19,4838.50253159,2.94198605908,7.08732005593e-18,2.40902571039e-18,16.7433754047,4.15289604171,4.23290996266e-19,9.36,3.31,0
35778.0,9.76716682031e-19,4819.90344589,2.48466510956,5.81977158997e-18,2.34227605466e-18,6.6425826241,4.53887582922,8.76130854415e-19,9.18,3.26,0
21987.0,4.73537507516e-19,5246.18978046,2.21586306019,4.3914821357e-18,1.98183823477e-18,9.41910889816,6.85381827098,4.66231167213e-19,9.91,3.28,0
19638.0,6.57191633362e-19,6234.78252963,2.11916973971,6.35390759623e-18,2.99830045567e-18,8.99248757682,5.25869534028,7.06579524514e-19,10.21,3.64,0
19400.0,1.76359775061e-19,4871.03280263,2.42774979116,6.44425032258e-18,2.65441288309e-18,42.290426847,7.76074702559,1.52380829494e-19,10.0,3.52,1
18315.0,1.25183113345e-18,6320.74846056,2.52228049496,6.4463697988e-18,2.55577038782e-18,4.67435671059,9.12491553886,1.37909239665e-18,10.33,3.56,0
3468.0,1.90263148898e-19,5495.85354541,5.17694184071,1.35094948894e-17,2.60955121867e-18,68.8377301539,9.08403537733,1.96251312459e-19,9.84,3.3,1
4078.0,5.64587992512e-19,5802.85610319,2.55397321901,4.1579892453e-18,1.62804731638e-18,7.1492898964,4.69997365071,5.81594718574e-19,9.16,3.49,0
6378.0,2.49126877875e-19,5741.72744378,4.83135878115,1.12921520516e-17,2.33726215815e-18,42.4843492362,6.66877110944,2.6579557542e-19,8.51,3.3,1
14800.0,5.05409961883e-19,5387.22281468,2.03810533661,3.45903571326e-18,1.69718201072e-18,7.37423875287,5.60915059961,4.69070209032e-19,8.93,3.63,0
15861.0,3.09363765112e-19,5674.35063196,2.25121661661,3.06076632429e-18,1.35960542478e-18,9.71384490757,4.538696521,3.15093184358e-19,8.86,3.45,0
17429.0,5.55354808659e-19,4892.79400841,2.15950539748,7.07542735459e-18,3.27641105358e-18,15.5210291837,9.1400037733,4.55860708129e-19,10.06,3.84,0
321.0,5.58751432307e-19,5160.68658242,5.73509418679,1.44558282532e-17,2.52059125489e-18,26.6045911685,8.35232813427,5.43358406136e-19,9.62,3.26,1
7871.0,2.07735935531e-19,5476.72462769,3.57314635328,7.84249545991e-18,2.19484305554e-18,36.6585927196,9.36336795413,2.1393334763e-19,8.44,3.27,1
9784.0,3.52293003887e-19,5875.09094931,2.65168642593,4.48736217805e-18,1.69226728099e-18,12.1076621281,6.59344047174,3.70621688198e-19,8.96,3.46,0
12775.0,1.06929698675e-19,5589.41620735,1.63281710162,3.20129481944e-18,1.96059608652e-18,28.5285415437,5.58485769047,1.12213756688e-19,8.38,3.29,1
19345.0,3.49721841384e-19,6261.14255344,6.03230500229,1.51612766806e-17,2.51334716577e-18,40.9739516669,8.51098162859,3.70022320616e-19,8.79,3.78,1
21038.0,4.35954050745e-19,5908.89384691,12.7219125,3.30309848834e-17,2.59638516485e-18,71.0687965441,8.15005837903,4.64774788509e-19,8.58,3.47,1
40504.0,3.43688038739e-19,5105.93706125,4.22219726846,6.0301076966e-18,1.42819184259e-18,19.5775698124,2.87722339052,3.08011042964e-19,8.76,3.59,0
36929.0,5.51944449625e-19,6611.83422065,2.1465374987,3.0737856327e-18,1.43197388099e-18,4.73989271892,4.62080868806,6.48492659007e-19,9.76,3.49,0
33580.0,7.25072247013e-19,4883.20267428,3.58094909192,7.81417719128e-18,2.1821525497e-18,12.6404606153,3.04653943416,6.181876934e-19,9.65,3.56,0
33275.0,5.56019498919e-19,6055.7484525,2.92409414745,3.21182730855e-18,1.09840078554e-18,5.68438315524,4.03868400857,5.6502653337e-19,9.18,3.86,0
25970.0,4.27023002203e-19,5105.50549896,3.31992861433,7.44206215834e-18,2.24163318639e-18,18.3359604217,4.52135855667,4.05872503386e-19,8.55,3.3,0
23838.0,4.27193578895e-19,5726.09026696,5.61003436745,1.12801032504e-17,2.0107012741e-18,25.0684937319,6.22776693299,4.49971321414e-19,8.77,3.38,1
22036.0,1.30255611733e-19,6160.34247376,4.38263945992,9.3274179678e-18,2.12826495383e-18,68.4580932001,7.13370601064,1.36250040452e-19,8.27,3.79,1
37391.0,4.0870473834e-19,6047.77735162,7.96882593034,1.56953733608e-17,1.96959671324e-18,37.2189446629,7.27825889284,4.21703879649e-19,8.66,3.77,1
36143.0,3.70081909146e-19,5103.34078125,4.0602997258,6.68343480148e-18,1.64604468951e-18,20.4513587466,3.61477719506,3.26796614556e-19,8.83,3.68,0
34030.0,5.10715692407e-19,6221.48657288,2.62941352412,3.43805488731e-18,1.30753677798e-18,6.03962151216,4.50182514294,5.69250056545e-19,9.11,3.43,0
33012.0,6.07826776959e-19,5635.38357163,2.61600169479,4.95097167884e-18,1.89257204562e-18,8.0059918382,7.33877162681,6.18408284557e-19,9.16,3.4,0
29151.0,1.87931283815e-19,5903.69351001,4.22215881109,1.27398526523e-17,3.0173788392e-18,61.5191216198,8.51729739591,2.07087687809e-19,8.18,3.32,1
26526.0,2.53811530303e-19,5103.73780414,3.13319350084,5.92908176243e-18,1.89234458735e-18,26.1512259776,3.87467646522,2.26722898861e-19,8.84,3.58,1
24586.0,6.03154659155e-19,6159.69932413,6.60713672339,1.46526484904e-17,2.2177002087e-18,24.3047760562,7.388748958,6.02871158184e-19,10.34,4.02,0
2687.0,1.90074894801e-19,5510.21058887,3.03619409276,4.64977642489e-18,1.53144900584e-18,23.9234139274,5.24542002306,1.94360906809e-19,9.18,3.29,0
5145.0,9.31553846908e-20,5249.66889291,3.57115330959,6.98408265459e-18,1.95569387509e-18,75.1298003185,5.01555554523,9.29602185149e-20,8.12,3.31,1
10577.0,2.50339059063e-19,6529.26153873,2.44909384341,3.94873661338e-18,1.61232556441e-18,13.6425310799,5.33586112998,2.89443109219e-19,10.1,3.55,0
18732.0,1.66658006624e-19,6075.98315296,2.33734667041,3.89569389954e-18,1.66671634502e-18,20.9478204675,5.25595907963,1.85971323631e-19,8.52,3.33,0
19041.0,7.54160267029e-19,6081.23397726,6.05264717373,1.17929085204e-17,1.94838856155e-18,14.7882184066,8.10179288748,7.97452958574e-19,9.1,3.59,0
19976.0,3.89787174967e-19,5852.24019272,2.61290816224,5.89239598752e-18,2.25511025327e-18,15.4695896,7.21057910277,3.80901894611e-19,9.13,3.87,0
25443.0,2.64956340173e-19,6367.4755412,1.94051940848,5.46935282934e-18,2.81849942106e-18,19.3938219212,6.00550382233,2.82015213482e-19,8.61,3.79,0
944.0,7.18904819687e-19,5231.76760484,1.77974008827,3.56578139375e-18,2.00354052665e-18,5.56543078731,6.30482001109,6.4070177674e-19,9.76,3.7,0
3386.0,9.54073844229e-19,6378.81509598,3.54733066674,9.63478995308e-18,2.71606761767e-18,9.73394779335,10.4546765628,9.89813193744e-19,9.25,3.87,0
5043.0,1.9866192078e-19,6030.85593939,9.3311485184,1.84642263447e-17,1.97877317121e-18,83.1064970696,7.303517046,2.22175485621e-19,8.28,3.36,1
6319.0,2.28697057512e-19,5067.19221521,2.32680867715,4.90950756614e-18,2.10997475399e-18,25.285514078,6.66464734505,1.94162853521e-19,8.04,3.83,1
9971.0,3.40904462551e-19,5596.54126727,2.37462553652,4.56296148417e-18,1.92154990924e-18,12.8566802737,6.47298150091,3.5490977352e-19,9.37,3.31,0
14763.0,1.46675034852e-19,5616.58964635,3.09678579749,5.93960010846e-18,1.91798868145e-18,38.5276088057,7.05722262185,1.54164774108e-19,8.26,3.28,1
39990.0,9.50717434535e-19,6059.6555508,4.78217498511,1.17927135628e-17,2.46597282606e-18,11.9814203435,9.85803256447,9.84250049221e-19,9.03,3.65,0
38464.0,2.84492300889e-19,4760.31645518,1.95435215084,5.47801478413e-18,2.80298245215e-18,22.7600297366,8.15771893198,2.40685748109e-19,9.4,3.54,0
37786.0,5.96201940843e-19,5651.20518453,4.38855591159,1.36280158372e-17,3.10535313022e-18,24.1215938505,12.1114815035,5.64971615129e-19,8.85,3.8,0
36224.0,2.64600525752e-19,5303.79549523,2.60858033364,6.51352339277e-18,2.49696101315e-18,24.8925862223,9.14123183699,2.61665193588e-19,10.28,3.47,0
34489.0,5.30008043995e-19,6389.69125462,2.03419714668,4.45661834975e-18,2.19084878623e-18,8.00383251454,7.56213926634,5.56810545655e-19,8.02,3.92,0
32761.0,1.17802442666e-18,5400.11838064,2.39417844287,3.79390761243e-18,1.58463861527e-18,3.25087890613,4.66508571148,1.16704058256e-18,10.25,3.35,0
39447.0,1.95460914055e-19,5836.54973225,4.50625532077,9.09818942863e-18,2.01901330062e-18,45.5458783655,6.98525563677,1.99758787296e-19,8.59,3.61,1
37295.0,2.81434897081e-19,6112.45381297,16.1343515652,3.52711644223e-17,2.18609122776e-18,118.251034257,6.47903496328,2.98273623092e-19,8.48,3.65,1
36655.0,2.75478793972e-19,5700.96649028,2.35491958043,5.26092620151e-18,2.2340152272e-18,18.9191559674,8.47998680211,2.78074043609e-19,8.62,3.55,0
36012.0,2.2362001741e-19,6497.09679676,1.94878657231,9.45385862765e-18,4.85115135849e-18,34.0713880733,6.20154910342,2.77472071502e-19,10.19,3.33,1
34861.0,5.35309661933e-19,5884.97664404,2.34844249498,7.74886312382e-18,3.29957541664e-18,14.9870075327,7.79682042144,5.17038715496e-19,9.94,3.89,0
31427.0,2.57943985063e-19,6008.1063608,2.02943660158,4.19403099011e-18,2.06659867416e-18,15.2776946035,8.06584547793,2.74519886604e-19,8.61,3.52,0
396.0,2.44456643912e-19,6235.52988873,2.14939019329,7.66660855772e-18,3.56687612219e-18,27.9036403995,5.97161349049,2.7475298735e-19,9.81,3.43,1
1364.0,1.02727416533e-18,6094.22779667,2.7737819157,4.06328916347e-18,1.46489136023e-18,3.98266072259,5.8605513153,1.02024486807e-18,10.07,3.94,0
1919.0,5.38387055188e-19,5837.44736571,7.44894365614,2.02226802486e-17,2.71483866466e-18,37.0974592998,9.63409795803,5.45123052368e-19,9.28,3.61,1
10894.0,2.27573248676e-19,6154.17901358,5.70137210347,8.99872301654e-18,1.57834339756e-18,36.7272046006,4.58530653912,2.45015190086e-19,8.55,3.58,1
12691.0,6.86672880252e-19,5191.45051021,2.69784798895,3.54532720447e-18,1.31413156671e-18,5.46863830246,4.00018194858,6.48301644465e-19,9.71,3.37,0
13861.0,1.07992644734e-18,5799.10342836,2.98194100755,5.03482864954e-18,1.6884400586e-18,4.96361310135,6.15197648352,1.014347522e-18,9.56,3.94,0
15323.0,5.08007370732e-19,6042.39864843,2.18325254967,2.76102835891e-18,1.26463993336e-18,5.20273392906,5.27084803716,5.30687979927e-19,9.4,3.6,0
342.0,1.05220966387e-18,5846.61896489,7.24030960645,1.48649000482e-17,2.05307519377e-18,14.0521776014,6.85885442664,1.05783605003e-18,9.48,3.62,0
9888.0,2.45630330239e-19,5225.60178312,2.54060000019,5.24042776567e-18,2.06267329185e-18,23.3767989745,5.21803141296,2.2417217051e-19,8.85,3.6,0
13082.0,3.32018111078e-19,4940.59501958,2.45189636431,4.31144336045e-18,1.75841174334e-18,15.632810551,3.86322678045,2.75794512214e-19,8.5,3.76,0
14262.0,3.02255630337e-19,6532.37380056,2.84204944914,8.95177984357e-18,3.1497621712e-18,26.1234491927,3.658198353,3.42672201421e-19,8.8,3.6,1
16506.0,2.94594651982e-19,6386.77869758,2.95156631743,3.8161158921e-18,1.29291212925e-18,11.9322418792,3.64871732646,3.1981549911e-19,8.72,3.69,0
19053.0,5.52671919671e-19,5436.45041352,3.08455219158,6.36202149067e-18,2.06254298697e-18,11.4579021488,6.67842220442,5.55251860949e-19,9.41,3.28,0
21614.0,9.30078278513e-19,6148.60534606,20.6349249784,5.17924819204e-17,2.50994282629e-18,52.7608975019,7.74294564094,9.81645202653e-19,9.21,3.68,1
41461.0,1.4322963918e-19,4891.97743844,2.00117376984,4.31888187484e-18,2.15817433745e-18,34.9177522301,5.245300171,1.23687282228e-19,8.43,3.39,1
40015.0,2.66289255897e-19,6403.21287393,1.96615594977,4.12493875344e-18,2.09797129975e-18,13.6975788105,6.54910936147,3.01143640822e-19,8.44,3.56,0
36861.0,1.82499684601e-19,5833.49916753,2.60615384913,5.86199999054e-18,2.24929161128e-18,30.832805645,8.16064616822,1.90122172404e-19,8.08,3.54,1
33964.0,4.120494066e-19,6370.53665181,2.6982938048,2.49307074745e-17,9.23943398238e-18,54.2607616686,6.91734448722,4.59461067406e-19,9.14,3.55,1
29616.0,2.30610567325e-19,4985.47366197,1.72043500179,5.20678898877e-18,3.02643749014e-18,26.2179395445,7.60438436462,1.98596422115e-19,8.4,3.66,1
27108.0,1.09891354093e-19,5807.93898634,2.3029872124,3.41304309222e-18,1.48200696636e-18,29.6290438138,5.82668445104,1.15192481866e-19,8.84,3.32,1
22049.0,3.41735126517e-19,6232.76936233,1.71066055858,4.16456644995e-18,2.43447855804e-18,10.6079624326,6.85033410697,3.92588725348e-19,9.63,3.3,0
40329.0,1.47102439395e-18,5373.28151589,3.061225397,1.01821090523e-17,3.32615463803e-18,7.66983734404,8.47002147223,1.32755214949e-18,10.19,3.82,0
36278.0,1.90890742734e-19,6650.36046465,2.40345700858,6.47763039807e-18,2.69513054527e-18,27.9352123742,6.82414372442,2.3188047799e-19,8.67,3.4,1
35373.0,6.72947651735e-19,5161.64851892,2.07404033715,4.32289456316e-18,2.08428663885e-18,7.33032748816,6.51345989039,5.89727344398e-19,9.07,3.76,0
34693.0,3.91727157436e-19,4784.520226,1.86888241871,7.39998833575e-18,3.95957940513e-18,24.2165155418,7.24391066077,3.05576098386e-19,9.02,3.96,0
30490.0,6.23136835126e-19,5886.22373642,1.81078834137,5.09266002952e-18,2.81239939157e-18,8.10618686643,6.32791003201,6.28243601268e-19,9.27,3.68,0
30137.0,1.66753319119e-19,5712.22495355,3.51606703631,9.46776759679e-18,2.69271532625e-18,55.005337481,9.98587332388,1.72124525189e-19,9.22,3.43,1
17218.0,2.50897401837e-19,5592.99855379,5.21540049148,1.44781835486e-17,2.77604444227e-18,55.4146313058,6.02651716971,2.61270051022e-19,9.62,3.31,1
30453.0,8.20125701665e-19,5849.68700967,3.01742053216,3.45991444704e-18,1.14664641874e-18,4.03666015829,4.60588503643,8.57123045133e-19,10.21,3.51,0
30089.0,2.8271488286e-19,4944.96883036,2.5194000487,3.49291702284e-18,1.38640825408e-18,13.6931872234,3.93188953728,2.55084295996e-19,9.92,3.42,0
24315.0,1.66002326877e-19,6119.96390382,2.90760810688,3.70597866074e-18,1.27457983487e-18,20.6772629713,5.45004784536,1.79229652681e-19,8.21,3.56,0
23904.0,2.52966822113e-19,5195.7263742,3.13417447307,4.29697757232e-18,1.37100777549e-18,18.4776688264,4.37854917794,2.32549766569e-19,8.57,3.51,0
20704.0,3.93010977432e-19,5043.40184815,2.79236639833,2.97511307404e-18,1.06544509196e-18,7.95312733838,3.68232303043,3.74080905216e-19,8.51,3.26,0
19372.0,1.12757946386e-19,6184.83925092,2.80964669251,3.37385487548e-18,1.20081107866e-18,28.840854831,5.3054623158,1.16981791811e-19,8.12,3.78,1
18290.0,7.42747442142e-19,5009.78271139,3.26548058049,4.03523605433e-18,1.2357250196e-18,6.59534823573,3.51602207637,6.11830628209e-19,9.61,3.91,0
29637.0,5.6119077324e-19,6152.61447465,8.05207503698,1.63113721221e-17,2.0257352356e-18,28.9927712013,6.18254618795,5.62601346689e-19,9.05,4.0,1
28606.0,7.31967928356e-19,5772.76484653,3.61941415254,5.24031395804e-18,1.44783485315e-18,6.91357576593,4.88388240235,7.57974474491e-19,9.01,3.46,0
27709.0,6.97946926829e-19,4959.24637281,2.17233326579,4.55453421097e-18,2.09660933831e-18,7.58164202876,7.81037728711,6.0073189867e-19,9.25,3.51,0
27359.0,2.68046806245e-19,5293.16300238,2.3801477832,3.5852816492e-18,1.50632732745e-18,14.4654697053,6.19064560143,2.47851035758e-19,8.43,3.58,0
25898.0,3.8045709344e-19,6356.27278621,2.02937301049,3.09502960954e-18,1.52511617802e-18,6.87584026627,5.70130949677,4.50131109753e-19,9.18,3.34,0
17764.0,1.32798238684e-18,4848.25530472,4.03940840026,9.38761286177e-18,2.32400686723e-18,7.988428641,4.12392928201,1.17515137002e-18,10.31,3.45,0
459.0,6.14215913509e-19,5274.70740057,2.93807154698,5.14718293256e-18,1.75189162356e-18,8.71995012452,5.51762976963,5.90276648267e-19,9.19,3.42,0
1281.0,3.13227128489e-19,5498.7034025,3.25268465778,3.62854027087e-18,1.11555242903e-18,11.9724140575,4.00212525621,3.03075073535e-19,9.8,3.57,0
2494.0,2.6015174457e-19,6120.53602287,2.79636778464,6.44000793722e-18,2.3029903193e-18,22.9454079841,9.80436843359,2.80666525594e-19,10.09,3.45,0
12517.0,7.1057044227e-19,5458.90347268,7.54874758458,1.50372257301e-17,1.99201596842e-18,20.7298046163,9.34766161152,7.25391580309e-19,9.81,3.33,0
13537.0,9.17791498382e-19,5300.16232969,7.37394802208,1.35941516323e-17,1.84353776181e-18,15.0041999313,5.76656976134,9.06023093172e-19,9.6,3.34,0
19022.0,5.10725967269e-19,4853.66713437,3.08990658092,4.83402815252e-18,1.56445770315e-18,11.3148625187,4.87002220635,4.27228182803e-19,10.23,3.74,0
19050.0,2.43414409165e-19,6378.95387327,1.85135901741,2.66863271843e-18,1.44144528065e-18,9.75282214699,5.97982760088,2.73626718319e-19,9.14,3.56,0
42.0,5.31881766636e-19,6542.56563985,2.12664159457,3.50141191094e-18,1.6464513437e-18,5.73935347024,6.03151157627,6.10070790917e-19,9.46,3.52,0
384.0,2.77536431579e-19,5929.55981193,4.85045196346,9.73845903038e-18,2.00774259878e-18,32.8487173627,5.63346831287,2.96463905207e-19,8.39,3.46,1
707.0,3.71776744845e-19,5505.34051813,6.80957874261,1.21006651187e-17,1.77700641641e-18,32.6628592093,6.01232583709,3.70471704304e-19,9.55,3.44,1
2230.0,1.56553881895e-19,4966.3370491,1.53351887029,2.8543732064e-18,1.86132251888e-18,20.0660729286,4.61695779531,1.42248720841e-19,8.1,3.45,0
7928.0,2.96383853701e-19,5133.07606709,2.23636588509,3.90035501094e-18,1.74405943005e-18,13.5284290534,6.21519793533,2.88308050813e-19,10.35,3.31,0
14601.0,3.99777848875e-19,5372.4795071,3.73472095134,4.86653882489e-18,1.30305286213e-18,12.0517533275,4.68002301666,4.03803387992e-19,9.35,3.26,0
15210.0,2.13543976741e-19,6169.30512704,4.36340963496,7.53218346075e-18,1.72621506824e-18,34.1294966623,6.52139829452,2.20694243905e-19,8.06,3.75,1
32855.0,1.00671619571e-19,5935.99009939,8.07936870209,1.9347361329e-17,2.39466250921e-18,189.880570288,7.3700582807,1.01892264699e-19,8.2,3.7,1
25999.0,7.58409038222e-19,6356.12166816,3.12669624586,4.06781654054e-18,1.30099511455e-18,5.26514472797,3.15077298496,7.72593489963e-19,9.67,4.08,0
25505.0,6.644602445e-19,6148.07158991,1.8223213021,2.56705427613e-18,1.40867270397e-18,3.80076339609,7.55387631145,6.75404914384e-19,9.19,3.91,0
25169.0,5.15659997844e-19,5785.48501538,14.901233832,2.48119412203e-17,1.66509307216e-18,46.6074466466,6.93426167255,5.32360019815e-19,8.89,3.5,1
19470.0,1.23424064782e-18,5043.94513462,3.44177414518,4.35367692835e-18,1.26495137238e-18,3.66963933719,4.20845208046,1.18640458321e-18,10.28,3.29,0
17954.0,4.38517780409e-19,6387.51732879,1.82841558491,3.03575770049e-18,1.66032149668e-18,5.87899113324,7.8756267376,5.16373920574e-19,9.66,3.38,0
17496.0,1.13014869885e-19,6290.19439765,1.67325670001,2.88975724714e-18,1.72702565429e-18,23.788411734,6.63868636896,1.21477519368e-19,8.26,3.69,0
25956.0,4.42581719105e-19,5688.43537324,18.3569874418,4.61614159179e-17,2.51465095044e-18,98.5147620163,6.44017709015,4.68573592151e-19,8.17,3.33,1
25289.0,3.37526203175e-19,5150.19651565,2.53424174179,4.84965024792e-18,1.91364942339e-18,16.9175972437,6.64558615701,2.86663063204e-19,8.8,3.88,0
24250.0,1.51807019457e-19,6128.96625959,8.30948658495,1.22115346927e-17,1.46958955501e-18,78.5291370268,7.14979229151,1.55503233004e-19,8.23,3.84,1
19545.0,1.87818717109e-19,5032.73830769,2.73061233384,3.44486152153e-18,1.26157106919e-18,20.3705976653,3.72312765713,1.69109496841e-19,9.71,3.45,0
18201.0,2.24257709886e-19,6233.20615552,3.16844210671,4.77582386327e-18,1.50730980792e-18,19.1580332033,4.08206061541,2.49285707598e-19,9.23,3.46,0
156.0,9.03149256164e-19,5057.36287185,2.911622135,3.91921162049e-18,1.34605777768e-18,5.05304114343,4.54339134839,7.75614428865e-19,9.82,3.61,0
2373.0,1.88366017226e-19,6160.6262814,4.56976243103,6.59957771106e-18,1.44418398345e-18,33.4300351491,4.52408699417,1.97414620763e-19,8.29,3.72,1
11990.0,5.31218787515e-19,5104.18617797,2.37494070424,3.39026712491e-18,1.42751653498e-18,7.52410561966,5.49744650141,4.5058739155e-19,10.35,3.62,0
12414.0,4.99357335477e-19,5621.84477598,3.08317004956,4.84921298635e-18,1.57280101597e-18,9.64647755674,6.54066475585,5.02692610627e-19,8.88,3.49,0
14202.0,3.17717610887e-19,6555.77146594,2.07254409178,6.96321811762e-18,3.35974426079e-18,20.6995003372,9.39826101417,3.36395468693e-19,8.26,3.86,0
16578.0,2.13791528572e-19,6666.88357394,2.39469037964,3.41114446386e-18,1.42446158921e-18,12.5976733974,7.35478449823,2.70775750112e-19,8.43,3.28,0
1465.0,4.24290500236e-19,5799.50292858,6.38581633635,1.10329491663e-17,1.72772729204e-18,24.6377633484,6.10565403983,4.4780644291e-19,8.76,3.41,0
2378.0,2.31534445561e-19,5643.06580429,7.25734011135,1.29539482282e-17,1.78494435006e-18,53.4926361086,6.69352781828,2.42163205453e-19,8.27,3.33,1
2771.0,4.89760853863e-19,5603.66785406,4.83781762292,6.15438873127e-18,1.27214153384e-18,11.9433823265,4.14056235915,5.15296970574e-19,8.78,3.27,0
6626.0,1.89169864588e-19,6175.32632103,2.14865015391,2.70030917266e-18,1.25674678483e-18,12.4474914545,6.4066631094,2.16936013376e-19,10.37,3.46,0
9884.0,5.76635172097e-19,6386.89837109,4.24634933908,1.03879633571e-17,2.44632801675e-18,15.4845750127,2.97358028023,6.70858796487e-19,9.35,3.44,0
10448.0,3.03756950952e-19,5563.66423782,5.28846736312,7.60947563927e-18,1.43888108156e-18,23.5709718635,3.17505110008,3.22832494279e-19,9.23,3.25,0
16113.0,2.10000362038e-19,5980.4016657,3.63735583965,6.68403903773e-18,1.83760933282e-18,31.9475659426,9.29959567646,2.09219038776e-19,8.58,3.85,1
28992.0,3.99369718523e-19,5055.25260951,3.36424900529,4.04648925209e-18,1.20279124575e-18,12.0918880818,3.20137379483,3.34644947483e-19,9.57,3.66,0
27158.0,1.03721623504e-18,5692.36681804,2.3603283038,2.68124405041e-18,1.1359623346e-18,2.48655394224,5.07381988864,1.07829715851e-18,10.32,3.43,0
27092.0,5.54300858142e-19,6443.06239244,2.70110549396,3.17285835482e-18,1.17465177199e-18,5.4286792557,5.80135847801,5.84462298355e-19,9.4,3.97,0
26621.0,5.96532442855e-19,4996.23030465,3.921571223,6.38030556767e-18,1.62697684292e-18,11.433297945,5.12004327747,5.58045946004e-19,9.57,3.32,0
25921.0,2.08272931964e-19,4917.84559532,1.73637749958,2.87515482165e-18,1.65583510634e-18,15.5806689055,5.34800767929,1.84533465096e-19,9.89,3.35,0
25635.0,2.6160386282e-19,6256.3514626,3.22908765797,5.08072144694e-18,1.57342320342e-18,18.7428218933,3.42802357338,2.7107558701e-19,9.75,3.96,0
17273.0,1.27461400029e-19,6575.20579576,2.50040383084,4.27082072772e-18,1.7080523854e-18,29.7816849929,5.34935648073,1.43404267715e-19,8.54,3.56,1
29860.0,2.73953474588e-19,5019.39136656,3.09624458546,4.09985505273e-18,1.32413798057e-18,18.4650025353,4.40072338271,2.22033820189e-19,8.97,3.92,0
28714.0,6.50357378943e-19,6089.71408519,8.51205537806,1.88063356155e-17,2.20937655833e-18,28.7792603031,11.4125208972,6.53468345518e-19,9.15,3.93,1
25657.0,2.05282052608e-19,6716.71484172,4.16889917193,5.31348730648e-18,1.27455404589e-18,23.4261481879,4.08905327845,2.26818649992e-19,8.67,3.85,0
23042.0,1.98780750345e-19,6033.66361785,1.83579541014,2.87879064583e-18,1.56814350332e-18,13.1731500792,7.05840524483,2.18534718615e-19,8.23,3.43,0
22026.0,1.86744507101e-19,6243.98950351,2.19804630398,4.47214073446e-18,2.03459805481e-18,21.7413534372,6.46174563622,2.05697439554e-19,8.42,3.51,0
18143.0,5.90970045846e-19,5871.94860972,8.75995336057,2.9729381587e-17,3.39378309031e-18,53.097091057,9.42223376883,5.59906032425e-19,9.3,3.8,1
17691.0,9.2178164835e-19,6129.66501173,9.15335056512,3.12191547367e-17,3.41068054966e-18,32.8976003983,6.27629624248,9.48979693313e-19,9.18,3.74,1
1829.0,5.11031728785e-19,5257.57671362,4.23168191561,3.91940230485e-17,9.26204375238e-18,82.0401534156,3.71727999762,4.77741952163e-19,10.11,3.45,1
2825.0,7.61775374565e-19,5693.39248643,2.75930113912,3.48535697943e-18,1.26313033761e-18,4.38359740153,4.80494866256,7.95090575201e-19,9.27,3.4,0
7223.0,2.23555638082e-19,5641.28542288,1.82380917135,2.95658155952e-18,1.62110247386e-18,12.4623939819,7.39929129693,2.37240257676e-19,9.61,3.31,0
8264.0,2.66236701443e-19,4811.49079133,3.4742134324,4.62675772998e-18,1.33174251381e-18,21.7024681375,3.98216295669,2.13190393861e-19,8.73,3.86,0
8778.0,1.67621859113e-19,6713.49764526,4.26120926953,5.78521208925e-18,1.35764561732e-18,30.8882555253,4.63573946004,1.87294879263e-19,8.52,3.91,1
15391.0,1.43169140261e-18,5498.53840186,8.94616324356,2.07466064769e-17,2.31905073852e-18,14.1729930277,11.4852285524,1.46381264962e-18,9.86,3.34,0
1784.0,2.13162475722e-18,6356.5610625,2.8183119407,4.2839974822e-18,1.52005795396e-18,1.94594820686,3.090242763,2.20149614831e-18,10.23,3.96,0
11607.0,4.00511987181e-19,5350.57769589,2.64891037096,3.42853452209e-18,1.29431881112e-18,8.41968062661,4.99774080243,4.07204818583e-19,10.05,3.3,0
12185.0,7.32606762708e-19,6232.75316392,2.04491871691,4.66767119589e-18,2.28257052825e-18,6.4636377309,8.52895889516,7.22143070237e-19,9.45,4.12,0
13792.0,3.57453557354e-19,6120.72112133,4.86966168692,1.12959256406e-17,2.31965306151e-18,29.3249130887,11.8535080469,3.85198946931e-19,9.66,3.49,1
14651.0,6.32322918431e-19,6133.22947845,8.08583928789,1.5917874358e-17,1.96861127105e-18,24.4758739376,7.78822616311,6.50349580922e-19,9.66,3.61,0
14661.0,2.36714971761e-19,6637.4108235,3.01338147482,3.72659333012e-18,1.23668156895e-18,13.1620952639,3.88352499381,2.83130706427e-19,8.46,3.48,0
30796.0,3.4489116252e-19,6504.80048086,3.56257407772,3.69070708451e-18,1.03596641192e-18,9.0445675592,2.79152659671,4.08057882298e-19,8.93,3.42,0
27422.0,5.3217993473e-19,5258.69587453,3.16278709782,5.70463838061e-18,1.80367448209e-18,11.65394629,8.61586886212,4.89502717676e-19,8.92,3.58,0
25075.0,6.04638774617e-19,6720.62066522,5.71467195202,8.3226654345e-18,1.45636801279e-18,12.6277598766,4.85510325457,6.59076947602e-19,10.05,4.06,0
24624.0,2.71690388065e-19,5726.18082768,3.92360562287,4.2020836946e-18,1.07097504145e-18,14.9397357744,3.48122695362,2.8126894331e-19,10.18,3.42,0
22316.0,1.95733495674e-18,6254.81930998,1.53611881513,2.17441436576e-18,1.41552485676e-18,0.941508700919,6.42612138878,2.30950002229e-18,10.26,3.3,0
21779.0,6.21036499191e-19,5122.71106783,3.46016144727,4.43302343243e-18,1.28116086489e-18,6.95041668132,5.14961832369,6.37806859025e-19,10.4,3.29,0
31042.0,2.18856651618e-19,4986.83588533,2.79319656383,3.40591286421e-18,1.21936025138e-18,16.9487895871,3.62967263766,2.00953162272e-19,8.73,3.4,0
29258.0,3.65414931718e-19,5750.90020263,2.22760631475,3.389207875e-18,1.52145729367e-18,9.28624543419,7.47222930189,3.64970740761e-19,9.4,3.52,0
26963.0,3.62420297961e-19,5738.24006421,3.59812136905,4.93508187956e-18,1.37157182134e-18,13.2231529436,5.89389263998,3.73215215812e-19,8.64,3.33,0
26575.0,1.02215272786e-18,5849.68662341,2.64982672461,4.00086934778e-18,1.5098607432e-18,3.6490595021,7.22887417564,1.0964111014e-18,10.11,3.45,0
25973.0,2.59888273745e-19,5961.51975236,3.52193699361,6.75705171627e-18,1.91856121462e-18,25.3821838853,9.24853654804,2.66212385302e-19,9.04,3.62,1
17225.0,3.398720968e-19,6602.08518782,7.59851622104,1.25935425684e-17,1.65736864962e-18,33.9847062957,4.2802692582,3.70564996467e-19,8.25,3.81,1
1077.0,3.05501527276e-19,5222.26723378,2.75764448927,5.52618608634e-18,2.00395159994e-18,18.4476894971,7.96580216426,2.99559795128e-19,9.36,3.3,0
1577.0,2.02086926017e-19,5251.66471277,2.26158990835,3.62163759487e-18,1.60136794982e-18,18.7003665527,5.20640529644,1.93666663414e-19,8.53,3.37,0
5553.0,1.44104447395e-19,5321.95136803,2.52568242617,3.02783171219e-18,1.19881727046e-18,22.5381355574,4.25502456643,1.34342599213e-19,10.35,3.57,0
7124.0,2.65452275872e-19,6189.18607251,1.98347543879,2.98943072476e-18,1.50716800738e-18,10.7927674837,8.17265758789,2.76984631538e-19,8.28,3.76,0
11134.0,2.37038555147e-19,4962.44139131,2.60950421952,4.37724826863e-18,1.67742525032e-18,20.0566781589,5.77511770031,2.18243930224e-19,8.48,3.32,0
12720.0,8.75556224594e-19,4989.68942913,3.88428297084,5.97108660517e-17,1.53724294805e-17,77.0091825153,11.4072130799,7.75373326939e-19,9.93,3.46,1
1610.0,1.45144261054e-19,4881.40497186,3.56172714028,5.75945301909e-18,1.61703937226e-18,44.1979962613,4.03297400467,1.30310274363e-19,8.24,3.41,1
7546.0,3.45554477612e-19,6164.71422253,3.99907406777,7.7824894362e-18,1.94607284194e-18,22.2617423084,8.12557083439,3.49590311863e-19,8.46,4.01,0
8167.0,1.25377903408e-19,4896.70741285,2.69257680428,7.40731386491e-18,2.75101302705e-18,71.0177819386,9.45635380856,1.04302241815e-19,8.47,3.67,1
13633.0,7.38556291999e-19,5969.40781306,6.86951040698,1.55546822019e-17,2.26430724758e-18,20.4841154351,11.6387760295,7.59353375605e-19,9.06,3.62,0
17004.0,1.32436935273e-19,4896.94665988,4.09774798687,7.67503340289e-18,1.87298814556e-18,67.6218512424,3.26880637526,1.13499309201e-19,8.39,3.53,1
2670.0,5.43375402898e-19,5426.96927295,8.24935558416,1.56676669204e-17,1.89925949494e-18,28.9684420605,5.83895098453,5.40852935331e-19,9.84,3.4,1
3684.0,1.48398531396e-19,5504.06058954,2.94734034561,4.16437229046e-18,1.41292548608e-18,27.1906802497,5.81704050416,1.53154398942e-19,8.56,3.3,1
7259.0,5.01747850493e-19,6201.01778095,7.06591651848,1.14677767454e-17,1.62297087935e-18,22.1230369326,6.40166491475,5.18363585449e-19,8.93,3.74,0
9028.0,5.17601017301e-19,5611.71079847,3.31831535103,3.72907973987e-18,1.12378702606e-18,7.07711696112,4.49704657786,5.26920744755e-19,8.89,3.44,0
10472.0,3.14905028434e-19,5921.35126876,5.3089018004,1.04646179594e-17,1.97114551236e-18,32.2680150779,7.59840794635,3.24303119797e-19,8.7,3.64,1
12894.0,1.85259877463e-19,5606.33928634,4.43553356222,6.93195907649e-18,1.56282417419e-18,37.619287944,6.22551556704,1.84266089428e-19,8.65,3.45,1
16305.0,2.45132301971e-19,6052.29867637,4.98302883167,1.01266295297e-17,2.0322237482e-18,38.6284604299,8.52900104567,2.62154624259e-19,8.07,3.57,1
909.0,3.97711431911e-19,6328.95072062,9.97824486807,3.21705915823e-17,3.22407317195e-18,77.6941624762,9.21348267068,4.14067036145e-19,8.87,3.95,1
1442.0,5.78051205959e-19,5919.36007876,6.49002837952,1.47138210891e-17,2.26714279641e-18,24.8084928107,10.8008199571,5.93096130482e-19,8.95,3.6,0
2345.0,3.36985424859e-19,5010.59113108,4.83551000036,6.23564789282e-18,1.28955330303e-18,20.4666960669,2.60676858109,3.04672912151e-19,9.69,3.39,0
5787.0,3.03711486837e-19,5981.7251864,9.1290614786,1.63767206047e-17,1.79391064932e-18,53.1141289733,6.72369997871,3.08330776034e-19,8.81,3.72,1
6770.0,6.80722181067e-19,5032.89391463,1.94281879927,4.17043494174e-18,2.14658976088e-18,6.62723319849,7.46849075006,6.29287489489e-19,10.04,3.38,0
16471.0,2.21942448514e-19,6665.41780156,1.94521822374,2.49072119757e-18,1.2804327901e-18,8.97496492129,5.19123663352,2.7751876686e-19,9.65,3.33,0
17129.0,6.13840994609e-19,5718.13382265,2.00790281394,3.3496032271e-18,1.66820983757e-18,5.18104757891,7.15866806032,6.46510802321e-19,9.38,3.39,0
30149.0,4.99798900088e-19,6000.07062864,7.55752238395,1.52029032429e-17,2.01162530133e-18,28.9992736646,8.0000064251,5.24251173279e-19,8.89,3.56,1
29503.0,1.4665965884e-18,4826.60788582,3.01073802242,5.56922007715e-18,1.84978567902e-18,4.20833270757,5.19749138357,1.32337922502e-18,9.83,3.31,0
29124.0,9.71478547161e-19,5748.42485732,26.8005419459,6.04270487137e-17,2.25469502952e-18,61.0592455547,9.89055097749,9.89646173397e-19,9.32,3.49,1
28771.0,7.26852906455e-19,4978.36981132,2.56059656717,4.30679523658e-18,1.68194993769e-18,6.46051928771,5.60919894935,6.66632981775e-19,9.74,3.4,0
25687.0,3.15775677359e-19,6041.86652388,18.32218092,3.16151126065e-17,1.72551033878e-18,93.6708030485,7.61954671336,3.375129878e-19,8.43,3.54,1
18981.0,1.18300369792e-18,6494.80173342,2.25965319164,4.32617726101e-18,1.9145315206e-18,2.96247887193,6.38712103366,1.46032341429e-18,9.94,3.28,0
28585.0,1.32769324389e-18,6146.74086126,2.62279249301,3.28475060925e-18,1.2523867664e-18,2.14978964825,6.03566904089,1.52794047172e-18,9.82,3.31,0
27351.0,2.24952292567e-19,5688.59316908,3.95086711699,1.08487683789e-17,2.74592084666e-18,50.49858288,6.23269074336,2.14833125212e-19,9.09,3.86,1
26258.0,1.84642558059e-19,6465.49979552,1.60887316769,4.41441477349e-18,2.74379289936e-18,22.0101470911,7.74098759446,2.00562711154e-19,8.72,3.73,0
25613.0,2.82305723059e-19,5740.69994176,5.05472456374,7.22614800362e-18,1.42958294018e-18,25.5651680885,7.19244888821,2.82655994227e-19,9.21,3.55,1
25317.0,7.62841205237e-19,5368.52528038,2.45005973443,2.73129915544e-18,1.1147888017e-18,3.68404213562,3.99410506196,7.41386513751e-19,9.52,3.42,0
20026.0,2.15382678396e-19,5764.05370614,6.99815559576,1.27822132948e-17,1.82651173154e-18,58.1716939715,9.5029137293,2.19732526632e-19,8.29,3.56,1
17558.0,2.78858691178e-19,5923.10932721,2.36613778294,3.28738401804e-18,1.3893459805e-18,11.2881062974,7.04958774304,2.91225466117e-19,9.81,3.53,0
3220.0,5.23925135549e-19,5053.43808362,2.30724546379,3.31812104946e-18,1.43813092345e-18,7.60075161532,4.61777065405,4.36551701384e-19,9.2,3.8,0
4397.0,4.60426607758e-19,5958.11828876,3.69889182923,8.96026344536e-18,2.42241835097e-18,19.7546235595,9.36694448726,4.53578040521e-19,9.78,3.84,0
6004.0,3.3255228143e-19,4947.3290033,3.65799875819,1.37613385892e-17,3.76198558252e-18,50.9428668746,11.5560488137,2.70132786658e-19,9.23,3.95,1
6479.0,2.79255483392e-19,6281.40096177,4.43037485722,9.81804492584e-18,2.21607544333e-18,34.3738863526,8.67428012768,2.85625105789e-19,8.68,3.81,1
10660.0,1.06801803828e-18,6194.00064405,2.50839494263,3.18891885362e-18,1.27129855009e-18,2.5955226284,6.07836193063,1.22862302132e-18,9.88,3.33,0
11553.0,6.75025432834e-19,5199.54520836,2.23666312903,4.35614972901e-18,1.94761100698e-18,6.8202494996,5.91417091407,6.38708265624e-19,9.82,3.37,0
2428.0,1.47359755573e-19,6543.59709192,3.86611271463,4.51306616848e-18,1.16733952205e-18,25.2060902435,3.18592030198,1.79046655982e-19,9.13,3.33,1
3129.0,2.66456857743e-19,5970.90847815,2.90550851898,6.10476487303e-18,2.10110031795e-18,22.052977523,9.35089128456,2.76822704175e-19,8.39,3.62,0
3837.0,1.28847032941e-19,4868.11350849,2.05699152081,2.92516385754e-18,1.42205926857e-18,27.1741726696,4.00754317813,1.07645001491e-19,8.13,3.66,1
10832.0,1.50807619294e-19,6039.80860268,9.17145203492,1.64429202611e-17,1.79283718636e-18,104.364670934,6.77531395669,1.57552552161e-19,8.17,3.66,1
12951.0,2.29504488366e-19,5448.35712561,2.27243624356,2.17337533321e-18,9.56407617316e-19,9.61444388878,3.89655852586,2.26053150692e-19,8.23,3.44,0
14383.0,2.23024981877e-19,5496.32644077,15.2121074178,2.3019578465e-17,1.51324059401e-18,103.72816228,7.07213304158,2.2192216616e-19,9.54,3.45,1
16746.0,2.27966930015e-19,4855.79250258,2.79133994688,5.45183231232e-18,1.95312373845e-18,26.7623363774,7.03607796455,2.03712868542e-19,8.22,3.4,1
30185.0,7.61770112908e-19,5363.81398043,11.8581467226,2.34729733966e-17,1.97948076927e-18,30.2185111871,8.7949259343,7.76774648204e-19,9.22,3.26,1
30088.0,6.666300477e-19,6355.20445408,2.96316530007,3.30518852965e-18,1.11542495776e-18,4.75505854316,3.84685762511,6.950889247e-19,9.21,3.93,0
27681.0,9.96427240739e-19,6360.94029006,3.7429895606,1.38030478185e-17,3.68770673682e-18,12.9186432073,3.34739751249,1.06845955856e-18,9.97,3.61,0
27671.0,3.95867589935e-19,5098.92964812,3.39144452988,4.46470235762e-18,1.3164603809e-18,11.5126471033,3.5299462538,3.87808495957e-19,10.16,3.29,0
24381.0,3.34983127668e-19,6202.03330664,2.31151091456,2.79475417003e-18,1.20905947379e-18,8.0303938249,4.47560831191,3.48022056075e-19,8.78,3.78,0
22633.0,2.82280468858e-19,5114.13295693,1.72030709402,2.50689708724e-18,1.45723812682e-18,9.64329506938,6.15624427642,2.59962706648e-19,8.59,3.4,0
17266.0,2.60644826182e-19,5798.89491866,3.49225157085,3.62164410342e-18,1.0370513206e-18,14.390359825,4.06158410988,2.51671545913e-19,9.06,3.72,0
32918.0,2.84819974655e-19,5795.97156504,4.38098274157,3.63399519047e-18,8.29493153668e-19,13.1244280533,3.16510229487,2.7688788995e-19,8.24,3.89,0
28591.0,3.22820208151e-19,6347.96366768,2.06200777853,2.40754405934e-18,1.16757273392e-18,6.53952902412,6.22581594504,3.68152515335e-19,8.92,3.49,0
28253.0,3.95414449066e-19,5183.53957804,2.47175783805,2.85953270698e-18,1.15688222485e-18,7.70588185453,4.97836227974,3.7108442109e-19,9.96,3.38,0
24408.0,1.11043112158e-19,5386.12723706,2.74780288464,3.34606406438e-18,1.2177234703e-18,34.5837971202,4.41172014822,9.67523621756e-20,8.54,3.86,1
19111.0,4.44868675398e-19,5120.30100564,2.7889660492,3.57553607565e-18,1.28202925836e-18,8.86790246636,4.94539918068,4.03199752051e-19,9.01,3.41,0
3638.0,1.59759161745e-19,5253.38172847,3.65640951396,3.68535600515e-18,1.00791664366e-18,25.4821717723,3.19685989198,1.4462487884e-19,9.75,3.61,1
5744.0,4.74596351159e-19,5800.8262952,20.1683537259,4.06654379823e-17,2.01629932393e-18,80.4855894753,7.42706627754,5.05251166667e-19,8.59,3.4,1
9908.0,3.80674686786e-19,5886.132003,2.42150993465,5.44926274605e-18,2.25035737747e-18,13.1138924453,4.43703912193,4.15533585378e-19,9.16,3.31,0
10443.0,5.09487169105e-19,5318.26527885,13.8316909972,3.29173271523e-17,2.37984836119e-18,63.6449428076,6.49125937655,5.17202556876e-19,9.16,3.28,1
13453.0,1.40402959037e-18,5854.50695304,4.01450689578,7.58184332348e-18,1.88861135883e-18,5.55158309279,9.02099001865,1.36570833882e-18,9.48,3.91,0
15147.0,3.08754107236e-19,6688.52321956,2.31849725599,3.54903744085e-18,1.53074903655e-18,10.443154006,5.61687502969,3.39843445648e-19,8.39,3.94,0
15390.0,3.00687499645e-19,6421.15695036,3.37419763033,4.31266592444e-18,1.27813080232e-18,12.0731849033,5.14341589856,3.57210293637e-19,8.84,3.34,0
5173.0,3.15925854177e-19,4813.29578697,2.7705348401,5.82583170524e-18,2.10278232958e-18,21.9802538186,5.89774768541,2.65048427253e-19,8.2,3.62,0
8744.0,3.86952633879e-19,5219.14805563,2.42375635678,2.96904962645e-18,1.22497858258e-18,7.75059621635,4.02266024469,3.83073707309e-19,8.93,3.26,0
14128.0,4.61156872653e-19,5754.04274815,2.29423124324,2.34370745238e-18,1.02156548486e-18,5.12085957003,4.93189831624,4.57678524539e-19,10.39,3.56,0
14474.0,2.44511547156e-19,6728.60333404,4.59322322969,7.00245377529e-18,1.52451849717e-18,26.0282020842,3.3853757168,2.69033325953e-19,9.83,4.0,1
14583.0,2.40354125503e-19,6716.48287204,2.53997581394,3.70871500419e-18,1.46013792094e-18,12.4381811203,4.36764689802,2.98171812126e-19,9.19,3.37,0
16600.0,3.04473255003e-19,5414.49392255,2.33716120889,2.4827324433e-18,1.06228549141e-18,8.71932179062,4.26055938709,2.84739169275e-19,9.5,3.67,0
16990.0,4.31845827881e-19,4757.82743657,2.50199729469,4.63628220768e-18,1.85303246232e-18,13.6901943202,6.26574526764,3.38657151186e-19,10.35,3.97,0
29745.0,4.63107359495e-19,5410.78082347,2.76624299645,3.27605678484e-18,1.18429826629e-18,8.07925352918,4.39516834919,4.05490033579e-19,9.12,4.01,0
29709.0,4.4908782492e-19,5121.78411693,3.58111503895,4.8007539081e-18,1.34057517167e-18,11.4262434503,4.62097154312,4.20151551029e-19,9.99,3.42,0
29384.0,8.26059508461e-19,5131.57524137,3.25492151892,6.56648399791e-18,2.01740163618e-18,9.502787402,7.43779908353,6.91006093278e-19,10.2,3.96,0
26117.0,4.70709049664e-19,4894.67514106,2.29498688241,3.25397495542e-18,1.41786211519e-18,8.35322505633,4.14268802064,3.89547142987e-19,9.53,3.48,0
25619.0,8.86032469263e-19,6522.32926272,2.51169831119,3.54498430216e-18,1.41138937203e-18,3.32160031449,4.54355566875,1.0672519167e-18,9.79,3.39,0
18922.0,8.63551089002e-19,4869.34954005,2.46885256481,4.23078265342e-18,1.71366355113e-18,6.18140052784,4.60911634546,6.84437553328e-19,10.01,3.94,0
29284.0,5.71536190812e-19,5549.86788243,2.46000655144,3.06735038945e-18,1.24688708152e-18,6.05847632887,5.25556088612,5.06290727726e-19,9.8,4.04,0
26862.0,5.25361342102e-19,6232.271254,4.68298175572,5.1357178612e-18,1.09667688859e-18,8.54069983663,2.82836304217,6.01322837641e-19,9.44,3.44,0
26484.0,2.36226982545e-19,5618.39409463,5.56913918598,8.72063156326e-18,1.5658850088e-18,38.3976895592,5.85414831983,2.27113445194e-19,9.14,3.6,1
26133.0,2.19209813958e-19,5899.61463392,2.55343703908,4.97637721339e-18,1.94889364305e-18,21.7337119901,4.44913707796,2.2897042234e-19,8.48,3.49,0
24276.0,3.36372185242e-19,5973.8870317,2.075079897,2.87432081684e-18,1.38516151643e-18,8.62649410955,6.27714668103,3.33196867736e-19,10.04,3.91,0
21707.0,1.08981600254e-18,4853.42899914,3.33433545779,4.41691111148e-18,1.32467508666e-18,4.50272144752,3.40740712716,9.80942561728e-19,10.3,3.36,0
161.0,1.96104003037e-19,4878.69101122,2.59955727575,5.23162928204e-18,2.0125077954e-18,32.2380532416,6.1035991101,1.62281178793e-19,8.15,3.78,1
1421.0,1.74747284862e-19,6415.20584826,2.58306747839,2.63643609861e-18,1.02066094698e-18,12.2576133923,3.62275932133,2.15085597354e-19,9.62,3.27,0
2168.0,4.49150755746e-19,6016.12053551,10.399121333,2.05720986744e-17,1.97825354813e-18,44.1796795399,8.78848409218,4.65646172372e-19,8.66,3.69,1
4732.0,9.71135065697e-19,6504.4997576,2.40975942627,3.2684970974e-18,1.35635825791e-18,3.20508849115,4.939213502,1.01978373028e-18,10.28,3.99,0
5372.0,1.08809649048e-18,6575.06494967,3.83430819683,6.2646034248e-18,1.63382886905e-18,5.07197830904,4.14045562752,1.23514002685e-18,9.47,3.57,0
6203.0,3.40548060418e-19,4821.43185002,2.59449995221,5.94253669202e-18,2.29043623106e-18,20.8449416946,6.83624302962,2.85082912636e-19,8.93,3.54,0
6489.0,3.48022160549e-19,5898.35231443,2.90440079182,6.95916642612e-18,2.39607648012e-18,20.2574764669,3.99582143388,3.43535703349e-19,9.8,3.42,0
1186.0,1.27569770727e-19,5803.39590147,1.74832642071,2.35525648533e-18,1.34714916931e-18,17.4533840154,4.38170680912,1.34945548855e-19,8.49,3.42,0
2105.0,3.19882804321e-19,6013.32155673,2.89921673092,5.22135918907e-18,1.80095511087e-18,15.7587545279,6.58606768263,3.31330701282e-19,8.52,3.67,0
2223.0,1.97666704854e-19,6088.02847366,2.34053068748,2.59558674445e-18,1.10897360088e-18,12.7368724399,4.06106699426,2.0378525079e-19,8.6,3.86,0
2675.0,1.39784513894e-19,5858.94514281,6.48545221687,1.13989940527e-17,1.75762516961e-18,78.7682882207,6.29992738227,1.44715523343e-19,8.32,3.59,1
8277.0,2.48364279585e-19,5456.58963052,2.69399960301,3.26255463601e-18,1.21104495797e-18,14.6724988451,5.48159772195,2.22358486475e-19,8.29,3.95,0
8862.0,2.86289360741e-19,5229.7467721,2.57265893345,4.18943328873e-18,1.628444888e-18,15.2749504469,5.6807875768,2.74268208155e-19,8.84,3.39,0
11835.0,2.806143587e-19,6367.05698883,3.00437998957,1.16792481909e-17,3.88740712941e-18,34.5534544452,3.7922168052,3.38005226349e-19,9.48,3.27,1
29125.0,3.0632037661e-19,5409.8426719,6.55262386402,9.21652592395e-18,1.40653974884e-18,29.5510845122,4.53093284582,3.11884523905e-19,8.85,3.29,1
28866.0,4.24707704863e-19,4916.66123616,2.11142353531,3.4783028193e-18,1.64737332947e-18,8.85122679718,4.33852032899,3.92974092632e-19,9.55,3.3,0
27896.0,3.86675321102e-19,6201.68446429,2.12321221386,2.94729231464e-18,1.38812893756e-18,6.80328388521,5.84896924369,4.33216129794e-19,9.52,3.46,0
27740.0,1.2076287205e-18,4841.91990825,3.50410967828,7.71016284153e-17,2.20032006684e-17,70.3083238732,4.7979101004,1.09662162555e-18,9.64,3.3,1
27097.0,3.10934272417e-19,4953.03845913,3.05096654293,4.68960725473e-18,1.53708904662e-18,17.3191986792,4.00230181749,2.70775071157e-19,8.71,3.58,0
22266.0,3.60139025465e-19,5858.16681226,7.00785754258,1.36048773249e-17,1.94137469864e-18,36.4606788065,7.9952122156,3.73138344382e-19,8.5,3.53,1
21163.0,1.4392824642e-19,5419.06033188,2.58401688174,3.79771932824e-18,1.46969602059e-18,27.8229619394,5.88631655522,1.36495867568e-19,8.26,3.38,1
30749.0,1.01591486151e-18,5782.09472418,4.05494349101,5.23470585522e-18,1.29094421829e-18,5.45755056429,3.66326937942,9.59167632724e-19,9.31,3.95,0
28009.0,6.28303746949e-19,6086.67569523,2.97338275993,4.66491544073e-18,1.56889166898e-18,7.07146937108,5.480165997,6.59681205693e-19,10.21,3.64,0
26315.0,6.44370079285e-19,5679.12718754,2.91945481154,4.94406211379e-18,1.6934881452e-18,7.74086174678,7.4591405571,6.38696604528e-19,9.67,3.55,0
26063.0,1.97160044856e-18,6628.79806538,2.88680819768,5.69451689342e-18,1.97259966838e-18,2.33295113082,7.89103097251,2.44090706325e-18,9.46,3.32,0
25682.0,5.38239785011e-19,5655.33939874,7.90666121539,1.75201219079e-17,2.21586854812e-18,32.6897719921,11.1676506228,5.35951181065e-19,8.9,3.54,1
25331.0,1.71240620896e-18,6423.94618544,3.52266214072,5.14758988053e-18,1.46127833862e-18,2.55097151469,5.11922446669,2.01789390861e-18,10.03,3.39,0
24669.0,5.09104896777e-19,6504.88766789,4.32177627467,7.04313307295e-18,1.62968479286e-18,12.2795488176,2.88568433324,5.73566112041e-19,8.88,3.57,0
